,id,team1,inning_x,strike_rate,team2,economy_rate,Team1_runs
0,335982,Royal Challengers Bangalore,1,88.776875,Kolkata Knight Riders,9.923636363636364,222
1,335983,Kings XI Punjab,1,162.16769230769233,Chennai Super Kings,12.085833333333335,240
2,335984,Delhi Capitals,1,117.14153846153847,Rajasthan Royals,7.868181818181818,129
3,335985,Mumbai Indians,1,129.09666666666666,Royal Challengers Bangalore,8.559166666666668,165
4,335986,Kolkata Knight Riders,1,70.8835294117647,Deccan Chargers,6.567500000000002,110
5,335987,Rajasthan Royals,1,126.268125,Kings XI Punjab,9.92,166
6,335988,Deccan Chargers,1,122.44384615384617,Delhi Capitals,9.826363636363636,142
7,335989,Chennai Super Kings,1,155.116875,Mumbai Indians,10.972307692307693,208
8,335990,Deccan Chargers,1,158.92933333333335,Rajasthan Royals,10.866923076923078,214
9,335991,Kings XI Punjab,1,109.69545454545455,Mumbai Indians,7.723636363636363,182
10,335992,Royal Challengers Bangalore,1,90.75733333333332,Rajasthan Royals,7.715,135
11,335993,Chennai Super Kings,1,109.2969230769231,Kolkata Knight Riders,8.6225,147
12,335994,Mumbai Indians,1,133.79199999999997,Deccan Chargers,10.97307692307692,154
13,335995,Kings XI Punjab,1,117.96764705882353,Delhi Capitals,8.384166666666667,158
14,335996,Royal Challengers Bangalore,1,116.59062499999999,Chennai Super Kings,8.717,178
15,335997,Kolkata Knight Riders,1,96.31928571428571,Mumbai Indians,8.13076923076923,137
16,335998,Delhi Capitals,1,144.28642857142856,Royal Challengers Bangalore,11.212857142857143,191
17,335999,Deccan Chargers,1,109.10733333333333,Kings XI Punjab,8.80909090909091,164
18,336000,Rajasthan Royals,1,106.0365,Kolkata Knight Riders,9.970769230769232,196
19,336001,Chennai Super Kings,1,138.20454545454547,Delhi Capitals,9.225,169
20,336002,Deccan Chargers,1,132.360625,Royal Challengers Bangalore,10.356153846153846,165
21,336003,Kings XI Punjab,1,128.069375,Kolkata Knight Riders,9.4475,178
22,336004,Mumbai Indians,1,95.53200000000001,Delhi Capitals,7.924285714285714,162
23,336005,Rajasthan Royals,1,70.93933333333334,Chennai Super Kings,7.700833333333333,109
24,336006,Royal Challengers Bangalore,1,81.36823529411765,Kings XI Punjab,7.4,126
25,336007,Chennai Super Kings,1,127.985,Deccan Chargers,7.877272727272726,144
26,336008,Mumbai Indians,1,71.28999999999999,Rajasthan Royals,6.893636363636364,103
27,336009,Delhi Capitals,1,146.57333333333332,Chennai Super Kings,10.57,187
28,336010,Kolkata Knight Riders,1,159.6726666666667,Royal Challengers Bangalore,8.858181818181817,129
29,336011,Rajasthan Royals,1,115.70357142857142,Deccan Chargers,8.44076923076923,140
30,336012,Royal Challengers Bangalore,1,92.16083333333334,Mumbai Indians,7.6129999999999995,122
31,336013,Chennai Super Kings,1,110.27125000000001,Kings XI Punjab,8.814166666666667,181
32,336014,Deccan Chargers,1,153.00400000000002,Kolkata Knight Riders,10.003846153846153,204
33,336015,Rajasthan Royals,1,118.48941176470588,Delhi Capitals,9.163636363636364,156
34,336016,Kings XI Punjab,1,108.79166666666667,Royal Challengers Bangalore,8.5275,143
35,336017,Kolkata Knight Riders,1,91.47277777777776,Delhi Capitals,6.5225,133
36,336018,Mumbai Indians,1,108.84299999999999,Chennai Super Kings,11.200833333333334,156
37,336019,Kings XI Punjab,1,151.5476923076923,Rajasthan Royals,10.981538461538461,221
38,336020,Delhi Capitals,1,148.22352941176473,Deccan Chargers,10.301666666666668,194
39,336021,Mumbai Indians,1,72.77600000000001,Kolkata Knight Riders,7.33375,67
40,336022,Delhi Capitals,1,148.2990909090909,Kings XI Punjab,11.820833333333335,118
41,336023,Rajasthan Royals,1,73.53928571428573,Royal Challengers Bangalore,8.892307692307693,197
42,336024,Deccan Chargers,1,119.53999999999999,Mumbai Indians,8.898461538461538,178
43,336025,Kolkata Knight Riders,1,103.5511111111111,Chennai Super Kings,7.637777777777779,149
44,336026,Royal Challengers Bangalore,1,130.73499999999999,Delhi Capitals,8.648333333333333,154
45,336027,Kolkata Knight Riders,1,151.4825,Rajasthan Royals,8.569166666666666,147
46,336028,Mumbai Indians,1,130.228125,Kings XI Punjab,9.713333333333335,189
47,336029,Chennai Super Kings,1,76.44200000000001,Royal Challengers Bangalore,5.959090909090909,126
48,336031,Kings XI Punjab,1,141.15083333333334,Deccan Chargers,10.059166666666668,175
49,336032,Delhi Capitals,1,124.27999999999999,Mumbai Indians,9.062727272727273,176
50,336033,Chennai Super Kings,1,133.105,Rajasthan Royals,11.100833333333334,211
51,336034,Royal Challengers Bangalore,1,122.23437500000001,Deccan Chargers,8.312727272727273,156
52,336035,Kolkata Knight Riders,1,110.03941176470587,Kings XI Punjab,9.0525,174
53,336036,Rajasthan Royals,1,107.729375,Mumbai Indians,7.397692307692308,145
54,336037,Deccan Chargers,1,114.87071428571427,Chennai Super Kings,7.818181818181817,147
55,336038,Delhi Capitals,1,93.22095238095237,Rajasthan Royals,7.1154545454545435,192
56,336039,Chennai Super Kings,1,82.7046153846154,Kings XI Punjab,6.919090909090908,112
57,336040,Chennai Super Kings,1,124.22937499999999,Rajasthan Royals,8.434545454545455,163
58,392181,Chennai Super Kings,1,112.62000000000002,Mumbai Indians,8.35909090909091,165
59,392182,Royal Challengers Bangalore,1,68.4125,Rajasthan Royals,5.564545454545454,133
60,392183,Delhi Capitals,1,142.5,Kings XI Punjab,11.525,104
61,392184,Deccan Chargers,1,102.45866666666667,Kolkata Knight Riders,8.983333333333334,101
62,392185,Royal Challengers Bangalore,1,83.56294117647057,Chennai Super Kings,8.587857142857143,179
63,392186,Kings XI Punjab,1,104.7590909090909,Kolkata Knight Riders,8.219166666666666,158
64,392188,Royal Challengers Bangalore,1,119.12555555555556,Deccan Chargers,9.001818181818182,184
65,392189,Chennai Super Kings,1,118.98812500000001,Delhi Capitals,9.432500000000001,189
66,392190,Kolkata Knight Riders,1,113.97411764705882,Rajasthan Royals,8.24,150
67,392191,Royal Challengers Bangalore,1,108.9375,Kings XI Punjab,8.992142857142857,168
68,392192,Deccan Chargers,1,101.88736842105264,Mumbai Indians,9.65,168
69,392194,Royal Challengers Bangalore,1,115.68428571428572,Delhi Capitals,7.808181818181819,149
70,392195,Kings XI Punjab,1,88.13625,Rajasthan Royals,6.3981818181818175,139
71,392196,Chennai Super Kings,1,128.68153846153848,Deccan Chargers,9.913571428571428,165
72,392197,Kolkata Knight Riders,1,100.1061111111111,Mumbai Indians,8.499230769230769,187
73,392198,Delhi Capitals,1,97.95875000000001,Rajasthan Royals,7.810833333333334,143
74,392199,Royal Challengers Bangalore,1,104.02799999999999,Kolkata Knight Riders,7.903333333333333,139
75,392200,Kings XI Punjab,1,75.25176470588237,Mumbai Indians,6.117142857142857,119
76,392201,Deccan Chargers,1,108.68750000000001,Delhi Capitals,8.653846153846153,148
77,392202,Chennai Super Kings,1,104.90529411764706,Rajasthan Royals,7.6025,164
78,392203,Kolkata Knight Riders,1,102.144,Mumbai Indians,7.976153846153846,148
79,392204,Royal Challengers Bangalore,1,94.91222222222223,Kings XI Punjab,7.4175,145
80,392205,Deccan Chargers,1,86.09466666666667,Rajasthan Royals,7.8621428571428575,141
81,392206,Chennai Super Kings,1,95.11736842105263,Delhi Capitals,8.203846153846154,163
82,392207,Kings XI Punjab,1,113.71090909090908,Kolkata Knight Riders,7.999285714285714,153
83,392208,Royal Challengers Bangalore,1,99.84666666666668,Mumbai Indians,8.095384615384615,149
84,392209,Chennai Super Kings,1,80.13875,Deccan Chargers,8.597692307692308,178
85,392210,Kings XI Punjab,1,114.77624999999999,Rajasthan Royals,8.94076923076923,211
86,392211,Delhi Capitals,1,120.51500000000001,Kolkata Knight Riders,8.097272727272726,154
87,392212,Deccan Chargers,1,98.61777777777779,Mumbai Indians,7.850769230769231,145
88,392213,Royal Challengers Bangalore,1,88.08933333333334,Rajasthan Royals,6.615384615384615,105
89,392214,Chennai Super Kings,1,134.661,Kings XI Punjab,10.566923076923077,185
90,392215,Delhi Capitals,1,83.54866666666666,Mumbai Indians,6.841666666666666,116
91,392216,Deccan Chargers,1,128.35,Kings XI Punjab,9.120000000000001,168
92,392217,Chennai Super Kings,1,108.19928571428571,Rajasthan Royals,7.823076923076924,140
93,392218,Royal Challengers Bangalore,1,98.80307692307693,Mumbai Indians,7.4372727272727275,157
94,392219,Delhi Capitals,1,81.00357142857145,Kolkata Knight Riders,7.543333333333334,123
95,392220,Deccan Chargers,1,101.31684210526315,Rajasthan Royals,7.053076923076923,166
96,392221,Royal Challengers Bangalore,1,136.02916666666667,Kolkata Knight Riders,9.371666666666666,173
97,392222,Kings XI Punjab,1,69.64142857142856,Mumbai Indians,7.609999999999999,119
98,392223,Deccan Chargers,1,90.24421052631578,Delhi Capitals,9.286666666666667,173
99,392224,Royal Challengers Bangalore,1,103.15599999999999,Chennai Super Kings,7.010833333333333,129
100,392225,Mumbai Indians,1,79.96222222222222,Rajasthan Royals,7.640769230769229,145
101,392226,Delhi Capitals,1,96.17117647058822,Kings XI Punjab,7.010769230769231,120
102,392227,Chennai Super Kings,1,105.38272727272728,Mumbai Indians,7.9316666666666675,147
103,392228,Deccan Chargers,1,154.99833333333333,Kolkata Knight Riders,8.22,160
104,392229,Deccan Chargers,1,87.95444444444443,Kings XI Punjab,7.272142857142858,134
105,392230,Delhi Capitals,1,98.046875,Rajasthan Royals,7.8064285714285715,150
106,392231,Chennai Super Kings,1,146.93199999999996,Kolkata Knight Riders,9.84153846153846,188
107,392232,Royal Challengers Bangalore,1,103.46428571428571,Delhi Capitals,7.047499999999999,134
108,392233,Kolkata Knight Riders,1,79.44315789473686,Rajasthan Royals,6.440833333333334,101
109,392234,Chennai Super Kings,1,83.35857142857142,Kings XI Punjab,5.463333333333334,116
110,392235,Delhi Capitals,1,123.26875000000001,Mumbai Indians,9.5825,165
111,392236,Royal Challengers Bangalore,1,118.85285714285713,Deccan Chargers,9.010833333333334,170
112,392237,Delhi Capitals,1,93.37642857142859,Deccan Chargers,9.233333333333333,153
113,392238,Royal Challengers Bangalore,1,121.1,Chennai Super Kings,8.56,146
114,392239,Royal Challengers Bangalore,1,96.22789473684212,Deccan Chargers,7.321818181818182,143
115,419106,Deccan Chargers,1,90.136,Kolkata Knight Riders,8.5275,161
116,419107,Mumbai Indians,1,144.96624999999997,Rajasthan Royals,11.356153846153846,212
117,419108,Kings XI Punjab,1,92.85235294117646,Delhi Capitals,7.870000000000001,142
118,419109,Kolkata Knight Riders,1,88.7057142857143,Royal Challengers Bangalore,7.174615384615384,135
119,419110,Chennai Super Kings,1,131.60294117647058,Deccan Chargers,9.884615384615385,190
120,419111,Rajasthan Royals,1,102.14785714285713,Delhi Capitals,8.508181818181818,141
121,419112,Royal Challengers Bangalore,1,185.2422222222222,Kings XI Punjab,10.647692307692306,203
122,419113,Kolkata Knight Riders,1,100.016875,Chennai Super Kings,6.716153846153846,164
123,419114,Delhi Capitals,1,128.54705882352943,Mumbai Indians,9.593636363636364,218
124,419115,Royal Challengers Bangalore,1,60.955384615384624,Rajasthan Royals,6.382222222222222,92
125,419116,Delhi Capitals,1,139.17533333333333,Chennai Super Kings,10.689999999999998,185
126,419117,Deccan Chargers,1,118.6825,Kings XI Punjab,8.656666666666666,170
127,419118,Rajasthan Royals,1,100.70800000000001,Kolkata Knight Riders,7.998333333333334,168
128,419119,Mumbai Indians,1,117.46733333333333,Royal Challengers Bangalore,8.355454545454545,151
129,419120,Deccan Chargers,1,102.61052631578949,Delhi Capitals,8.384166666666667,171
130,419121,Chennai Super Kings,1,97.11777777777779,Kings XI Punjab,7.1376923076923084,136
131,419122,Mumbai Indians,1,126.63444444444445,Kolkata Knight Riders,8.344,155
132,419123,Royal Challengers Bangalore,1,103.25625,Chennai Super Kings,7.904999999999999,171
133,419124,Kings XI Punjab,1,115.40529411764705,Rajasthan Royals,8.581666666666667,183
134,419125,Mumbai Indians,1,132.44000000000003,Chennai Super Kings,10.311818181818182,180
135,419126,Rajasthan Royals,1,110.01285714285714,Deccan Chargers,8.985384615384616,148
136,419127,Kings XI Punjab,1,113.17,Kolkata Knight Riders,8.263076923076923,183
137,419128,Royal Challengers Bangalore,1,121.3058823529412,Delhi Capitals,8.949,183
138,419129,Rajasthan Royals,1,131.5588235294118,Chennai Super Kings,8.75,177
139,419130,Deccan Chargers,1,98.20526315789475,Mumbai Indians,8.6375,172
140,419131,Delhi Capitals,1,109.175,Kolkata Knight Riders,8.66230769230769,177
141,419132,Mumbai Indians,1,116.47631578947369,Kings XI Punjab,8.56,163
142,419133,Chennai Super Kings,1,123.92333333333335,Royal Challengers Bangalore,9.255,161
143,419134,Delhi Capitals,1,109.53611111111111,Rajasthan Royals,7.865384615384615,188
144,419135,Kolkata Knight Riders,1,131.49571428571429,Deccan Chargers,8.82,181
145,419136,Kings XI Punjab,1,158.1676923076923,Royal Challengers Bangalore,9.516923076923076,181
146,419137,Chennai Super Kings,1,177.71153846153845,Rajasthan Royals,12.450769230769229,246
147,419138,Mumbai Indians,1,105.07000000000002,Deccan Chargers,7.848333333333334,178
148,419139,Kolkata Knight Riders,1,171.41444444444446,Kings XI Punjab,11.833076923076922,200
149,419140,Delhi Capitals,1,122.32166666666666,Royal Challengers Bangalore,8.874166666666667,184
150,419141,Deccan Chargers,1,93.2715,Rajasthan Royals,8.0375,159
151,419142,Chennai Super Kings,1,101.27312500000001,Mumbai Indians,7.876923076923077,165
152,419143,Rajasthan Royals,1,130.62181818181818,Kings XI Punjab,9.850769230769231,153
153,419144,Kolkata Knight Riders,1,114.39733333333335,Delhi Capitals,9.319166666666668,181
154,419145,Royal Challengers Bangalore,1,142.29749999999999,Deccan Chargers,9.866363636363635,184
155,419146,Kings XI Punjab,1,120.3675,Mumbai Indians,8.076153846153847,154
156,419147,Deccan Chargers,1,108.46133333333333,Chennai Super Kings,8.188461538461539,138
157,419148,Royal Challengers Bangalore,1,111.383125,Kolkata Knight Riders,8.995454545454546,160
158,419149,Delhi Capitals,1,69.31,Kings XI Punjab,6.296153846153846,111
159,419150,Rajasthan Royals,1,100.56375,Mumbai Indians,7.9525,174
160,419151,Deccan Chargers,1,84.27473684210527,Royal Challengers Bangalore,7.495454545454544,151
161,419152,Mumbai Indians,1,132.156,Delhi Capitals,9.325833333333334,183
162,419153,Chennai Super Kings,1,98.41916666666668,Kolkata Knight Riders,9.444615384615386,139
163,419154,Rajasthan Royals,1,100.58933333333334,Royal Challengers Bangalore,8.25,130
164,419155,Chennai Super Kings,1,68.26750000000001,Delhi Capitals,6.238333333333333,112
165,419156,Kings XI Punjab,1,126.36666666666667,Deccan Chargers,9.293846153846154,174
166,419157,Royal Challengers Bangalore,1,116.41470588235295,Mumbai Indians,8.495454545454546,191
167,419158,Kolkata Knight Riders,1,100.28000000000002,Rajasthan Royals,8.087692307692308,132
168,419159,Kings XI Punjab,1,150.94545454545457,Chennai Super Kings,10.424615384615386,192
169,419160,Delhi Capitals,1,103.6361111111111,Deccan Chargers,7.5025,145
170,419161,Kolkata Knight Riders,1,109.07727272727271,Mumbai Indians,7.866428571428571,133
171,419162,Royal Challengers Bangalore,1,119.81666666666666,Mumbai Indians,8.93,184
172,419163,Chennai Super Kings,1,86.84157894736842,Deccan Chargers,5.989090909090908,142
173,419164,Royal Challengers Bangalore,1,55.33923076923077,Deccan Chargers,5.6275,82
174,419165,Chennai Super Kings,1,117.77777777777777,Mumbai Indians,8.211818181818181,168
175,501198,Chennai Super Kings,1,126.45857142857142,Kolkata Knight Riders,7.495833333333334,153
176,501199,Deccan Chargers,1,107.34499999999998,Rajasthan Royals,7.7,137
177,501200,Kochi Tuskers Kerala,1,118.26076923076923,Royal Challengers Bangalore,9.866153846153848,161
178,501201,Delhi Capitals,1,57.22333333333334,Mumbai Indians,6.06,95
179,501202,Pune Warriors,1,91.60666666666667,Kings XI Punjab,7.466666666666668,112
180,501203,Kolkata Knight Riders,1,132.22466666666668,Deccan Chargers,8.466153846153846,163
181,501204,Rajasthan Royals,1,114.25928571428572,Delhi Capitals,8.202,151
182,501205,Royal Challengers Bangalore,1,95.49999999999999,Mumbai Indians,7.523076923076924,140
183,501206,Kings XI Punjab,1,117.83818181818182,Chennai Super Kings,10.436153846153847,188
184,501207,Pune Warriors,1,97.0029411764706,Kochi Tuskers Kerala,7.812307692307693,148
185,501208,Deccan Chargers,1,88.77176470588236,Royal Challengers Bangalore,8.354545454545454,175
186,501209,Rajasthan Royals,1,119.0688888888889,Kolkata Knight Riders,8.526428571428571,159
187,501210,Mumbai Indians,1,153.94571428571427,Kochi Tuskers Kerala,10.064166666666667,182
188,501211,Chennai Super Kings,1,127.81466666666667,Royal Challengers Bangalore,9.0675,183
189,501212,Deccan Chargers,1,115.44785714285715,Kings XI Punjab,9.782307692307691,165
190,501213,Pune Warriors,1,144.8073333333333,Delhi Capitals,10.370000000000001,187
191,501214,Kolkata Knight Riders,1,62.16866666666667,Rajasthan Royals,5.954545454545454,81
192,501215,Kochi Tuskers Kerala,1,149.04272727272726,Chennai Super Kings,8.861818181818181,131
193,501216,Delhi Capitals,1,127.39866666666667,Deccan Chargers,8.630833333333333,168
194,501218,Mumbai Indians,1,81.916875,Pune Warriors,7.069999999999999,118
195,501219,Kolkata Knight Riders,1,101.7875,Kochi Tuskers Kerala,6.649000000000001,132
196,501220,Kings XI Punjab,1,118.30882352941177,Rajasthan Royals,8.401428571428571,195
197,501221,Mumbai Indians,1,76.18941176470588,Chennai Super Kings,9.11923076923077,164
198,501222,Kolkata Knight Riders,1,139.8425,Royal Challengers Bangalore,9.169285714285715,171
199,501223,Delhi Capitals,1,151.48000000000002,Kings XI Punjab,11.840769230769231,231
200,501224,Deccan Chargers,1,96.71750000000002,Mumbai Indians,7.866363636363636,172
201,501225,Rajasthan Royals,1,98.70133333333335,Kochi Tuskers Kerala,6.8136363636363635,109
202,501226,Chennai Super Kings,1,99.52111111111111,Pune Warriors,6.514166666666667,142
203,501227,Delhi Capitals,1,111.99058823529411,Royal Challengers Bangalore,8.3125,160
204,501228,Pune Warriors,1,92.35583333333334,Chennai Super Kings,8.002307692307692,141
205,501229,Kochi Tuskers Kerala,1,47.65,Deccan Chargers,5.550909090909091,129
206,501230,Delhi Capitals,1,107.28473684210526,Kolkata Knight Riders,6.847272727272727,148
207,501231,Rajasthan Royals,1,78.09066666666668,Mumbai Indians,5.203333333333333,94
208,501232,Royal Challengers Bangalore,1,129.09384615384616,Pune Warriors,8.664615384615384,181
209,501233,Kochi Tuskers Kerala,1,84.68842105263157,Delhi Capitals,7.666363636363636,157
210,501234,Kolkata Knight Riders,1,88.89666666666666,Kings XI Punjab,6.753846153846155,119
211,501235,Rajasthan Royals,1,114.27714285714286,Pune Warriors,7.836666666666667,143
212,501236,Chennai Super Kings,1,135.34187500000002,Deccan Chargers,7.906363636363636,165
213,501237,Mumbai Indians,1,96.616875,Kings XI Punjab,8.526153846153845,159
214,501238,Delhi Capitals,1,122.4323076923077,Kochi Tuskers Kerala,9.485833333333334,140
215,501239,Deccan Chargers,1,114.29923076923076,Kolkata Knight Riders,7.757499999999999,169
216,501240,Chennai Super Kings,1,106.2509090909091,Rajasthan Royals,8.448333333333334,147
217,501241,Pune Warriors,1,97.29470588235294,Mumbai Indians,7.927500000000001,160
218,501242,Kochi Tuskers Kerala,1,95.622,Kolkata Knight Riders,7.726923076923076,156
219,501243,Deccan Chargers,1,114.30466666666665,Delhi Capitals,11.362857142857141,175
220,501244,Royal Challengers Bangalore,1,105.67210526315789,Kings XI Punjab,8.360000000000001,205
221,501245,Kolkata Knight Riders,1,86.46222222222224,Chennai Super Kings,6.548333333333333,114
222,501246,Mumbai Indians,1,96.51764705882351,Delhi Capitals,8.388181818181819,178
223,501247,Royal Challengers Bangalore,1,115.62999999999998,Kochi Tuskers Kerala,8.451818181818181,125
224,501248,Kings XI Punjab,1,88.1029411764706,Pune Warriors,7.145,119
225,501249,Rajasthan Royals,1,106.54733333333334,Chennai Super Kings,8.120833333333334,196
226,501250,Deccan Chargers,1,99.76466666666667,Pune Warriors,7.329999999999999,136
227,501251,Kings XI Punjab,1,109.369,Mumbai Indians,8.385833333333334,163
228,501252,Rajasthan Royals,1,121.9190909090909,Royal Challengers Bangalore,8.536153846153848,146
229,501253,Chennai Super Kings,1,126.16307692307691,Delhi Capitals,8.743333333333332,176
230,501254,Kochi Tuskers Kerala,1,120.71571428571428,Kings XI Punjab,9.812499999999998,178
231,501255,Royal Challengers Bangalore,1,106.78153846153847,Kolkata Knight Riders,8.495454545454546,89
232,501256,Mumbai Indians,1,98.89687500000002,Deccan Chargers,6.625,135
233,501257,Kings XI Punjab,1,115.67722222222223,Delhi Capitals,9.137272727272727,170
234,501258,Kochi Tuskers Kerala,1,109.19133333333333,Rajasthan Royals,9.608181818181817,97
235,501259,Pune Warriors,1,97.80625,Deccan Chargers,7.008333333333333,136
236,501260,Kings XI Punjab,1,128.10285714285712,Royal Challengers Bangalore,10.638181818181819,232
237,501261,Chennai Super Kings,1,121.85428571428574,Kochi Tuskers Kerala,7.588181818181818,152
238,501262,Pune Warriors,1,98.60076923076923,Kolkata Knight Riders,6.4207692307692295,118
239,501263,Mumbai Indians,1,120.05777777777777,Rajasthan Royals,9.934615384615386,133
240,501264,Kings XI Punjab,1,94.27733333333335,Deccan Chargers,8.596666666666666,198
241,501265,Delhi Capitals,1,91.136,Pune Warriors,5.8183333333333325,56
242,501266,Royal Challengers Bangalore,1,73.85,Chennai Super Kings,7.122727272727272,128
243,501267,Kolkata Knight Riders,1,143.82399999999998,Mumbai Indians,9.375833333333333,175
244,501268,Royal Challengers Bangalore,1,133.105,Chennai Super Kings,9.213333333333333,175
245,501269,Mumbai Indians,1,99.10812499999999,Kolkata Knight Riders,8.14076923076923,147
246,501270,Royal Challengers Bangalore,1,109.58625000000002,Mumbai Indians,8.713333333333333,185
247,501271,Chennai Super Kings,1,147.01125000000002,Royal Challengers Bangalore,9.262500000000001,205
248,548306,Chennai Super Kings,1,81.649375,Mumbai Indians,7.359999999999999,112
249,548307,Kolkata Knight Riders,1,113.55785714285712,Delhi Capitals,9.005833333333333,97
250,548308,Mumbai Indians,1,70.56500000000001,Pune Warriors,6.219166666666666,129
251,548309,Rajasthan Royals,1,140.49470588235295,Kings XI Punjab,9.6475,191
252,548310,Royal Challengers Bangalore,1,95.89666666666668,Delhi Capitals,7.205000000000001,157
253,548311,Deccan Chargers,1,112.95388888888888,Chennai Super Kings,9.051428571428572,193
254,548312,Rajasthan Royals,1,98.27944444444444,Kolkata Knight Riders,8.007272727272728,164
255,548313,Pune Warriors,1,130.89999999999998,Kings XI Punjab,8.331666666666665,166
256,548314,Deccan Chargers,1,100.41823529411764,Mumbai Indians,7.2281818181818185,138
257,548315,Royal Challengers Bangalore,1,115.0945,Kolkata Knight Riders,7.531666666666666,165
258,548316,Delhi Capitals,1,106.90923076923075,Chennai Super Kings,7.072500000000001,110
259,548317,Mumbai Indians,1,119.6536842105263,Rajasthan Royals,10.865,197
260,548318,Chennai Super Kings,1,192.588125,Royal Challengers Bangalore,11.674615384615382,205
261,548319,Kings XI Punjab,1,81.19375,Pune Warriors,6.4336363636363645,115
262,548320,Kolkata Knight Riders,1,114.64785714285713,Rajasthan Royals,6.860833333333333,131
263,548321,Delhi Capitals,1,103.8941176470588,Deccan Chargers,8.588333333333333,157
264,548322,Pune Warriors,1,130.5475,Chennai Super Kings,8.215,155
265,548323,Kolkata Knight Riders,1,99.437,Kings XI Punjab,7.003636363636363,134
266,548324,Royal Challengers Bangalore,1,107.58466666666666,Rajasthan Royals,9.42,195
267,548325,Mumbai Indians,1,65.79374999999999,Delhi Capitals,5.832000000000001,92
268,548326,Rajasthan Royals,1,170.64454545454544,Deccan Chargers,10.246363636363636,196
269,548327,Royal Challengers Bangalore,1,139.18615384615384,Pune Warriors,9.875,182
270,548328,Kings XI Punjab,1,100.52833333333335,Kolkata Knight Riders,7.431818181818182,124
271,548329,Deccan Chargers,1,154.11,Delhi Capitals,11.40909090909091,187
272,548330,Chennai Super Kings,1,136.29666666666665,Pune Warriors,8.355,164
273,548331,Kings XI Punjab,1,121.18200000000002,Royal Challengers Bangalore,8.525,163
274,548332,Chennai Super Kings,1,114.53800000000001,Rajasthan Royals,7.549166666666667,146
275,548333,Delhi Capitals,1,151.00714285714284,Pune Warriors,10.081428571428573,192
276,548334,Mumbai Indians,1,115.39,Kings XI Punjab,8.873333333333333,163
277,548335,Deccan Chargers,1,108.17,Kolkata Knight Riders,6.906666666666666,126
278,548336,Rajasthan Royals,1,115.99307692307693,Royal Challengers Bangalore,8.818999999999999,189
279,548337,Pune Warriors,1,99.635,Delhi Capitals,8.802727272727275,146
280,548339,Kings XI Punjab,1,125.06615384615387,Mumbai Indians,8.101666666666667,168
281,548341,Pune Warriors,1,133.15266666666668,Deccan Chargers,8.540909090909091,177
282,548342,Delhi Capitals,1,120.53411764705882,Mumbai Indians,10.477272727272727,207
283,548343,Chennai Super Kings,1,126.94894736842105,Kings XI Punjab,8.252142857142857,156
284,548344,Kolkata Knight Riders,1,102.3153846153846,Royal Challengers Bangalore,8.420833333333334,190
285,548345,Delhi Capitals,1,123.00272727272727,Rajasthan Royals,7.734999999999999,152
286,548346,Mumbai Indians,1,60.45777777777778,Deccan Chargers,5.834166666666666,100
287,548347,Chennai Super Kings,1,114.26153846153845,Kolkata Knight Riders,7.602142857142857,139
288,548348,Deccan Chargers,1,116.44846153846153,Pune Warriors,9.15076923076923,186
289,548349,Rajasthan Royals,1,114.96214285714287,Delhi Capitals,10.985833333333334,141
290,548350,Royal Challengers Bangalore,1,117.32666666666668,Kings XI Punjab,9.036153846153846,158
291,548351,Pune Warriors,1,78.25222222222222,Mumbai Indians,6.173333333333333,120
292,548352,Chennai Super Kings,1,116.46333333333332,Deccan Chargers,7.965000000000001,160
293,548353,Kolkata Knight Riders,1,90.884375,Pune Warriors,7.88,150
294,548354,Kings XI Punjab,1,111.81529411764706,Rajasthan Royals,8.08181818181818,177
295,548355,Mumbai Indians,1,104.13789473684211,Chennai Super Kings,9.131538461538462,173
296,548356,Royal Challengers Bangalore,1,216.30272727272725,Deccan Chargers,10.072307692307692,181
297,548357,Delhi Capitals,1,112.55733333333333,Kolkata Knight Riders,8.307,153
298,548358,Pune Warriors,1,93.87615384615385,Rajasthan Royals,7.866153846153846,125
299,548359,Deccan Chargers,1,119.14529411764704,Kings XI Punjab,7.55923076923077,170
300,548360,Mumbai Indians,1,101.46272727272725,Royal Challengers Bangalore,8.468181818181819,141
301,548361,Rajasthan Royals,1,117.33687499999999,Chennai Super Kings,6.943636363636363,126
302,548362,Pune Warriors,1,110.91125000000001,Royal Challengers Bangalore,7.743636363636363,173
303,548363,Kolkata Knight Riders,1,136.82777777777775,Mumbai Indians,8.645454545454545,182
304,548364,Chennai Super Kings,1,106.71700000000001,Delhi Capitals,6.920909090909092,114
305,548365,Rajasthan Royals,1,105.02882352941177,Pune Warriors,8.014166666666666,170
306,548366,Kings XI Punjab,1,153.97153846153844,Deccan Chargers,10.565833333333334,190
307,548367,Royal Challengers Bangalore,1,113.814,Mumbai Indians,9.584999999999999,171
308,548368,Kolkata Knight Riders,1,126.54533333333332,Chennai Super Kings,8.163333333333332,158
309,548369,Delhi Capitals,1,114.82058823529414,Kings XI Punjab,7.616363636363636,136
310,548370,Mumbai Indians,1,91.58368421052631,Kolkata Knight Riders,6.503636363636363,140
311,548371,Kings XI Punjab,1,101.32571428571428,Chennai Super Kings,7.5181818181818185,120
312,548372,Delhi Capitals,1,142.17000000000002,Royal Challengers Bangalore,10.575000000000001,215
313,548373,Deccan Chargers,1,101.51187499999999,Rajasthan Royals,6.850833333333333,126
314,548374,Kings XI Punjab,1,103.77625,Delhi Capitals,7.658999999999999,141
315,548375,Pune Warriors,1,88.31562500000001,Kolkata Knight Riders,6.150833333333334,136
316,548376,Deccan Chargers,1,78.39611111111111,Royal Challengers Bangalore,6.378181818181818,132
317,548377,Rajasthan Royals,1,131.86222222222221,Mumbai Indians,8.866153846153846,162
318,548378,Delhi Capitals,1,125.09812500000001,Kolkata Knight Riders,7.86,162
319,548379,Chennai Super Kings,1,118.77555555555556,Mumbai Indians,8.490769230769232,187
320,548380,Delhi Capitals,1,116.0535294117647,Chennai Super Kings,10.649999999999999,222
321,548381,Kolkata Knight Riders,1,143.99363636363634,Chennai Super Kings,10.125833333333334,190
322,597998,Kolkata Knight Riders,1,82.563125,Delhi Capitals,6.952500000000001,128
323,597999,Royal Challengers Bangalore,1,103.75071428571428,Mumbai Indians,8.511818181818184,156
324,598000,Sunrisers Hyderabad,1,97.0078947368421,Pune Warriors,5.8808333333333325,126
325,598001,Delhi Capitals,1,103.61500000000001,Rajasthan Royals,9.265833333333331,165
326,598002,Chennai Super Kings,1,86.53500000000001,Mumbai Indians,7.318181818181818,148
327,598003,Pune Warriors,1,92.74785714285713,Kings XI Punjab,6.698,99
328,598004,Sunrisers Hyderabad,1,90.45777777777778,Royal Challengers Bangalore,6.827692307692307,130
329,598005,Rajasthan Royals,1,85.34105263157895,Kolkata Knight Riders,7.292727272727273,144
330,598006,Mumbai Indians,1,111.23166666666667,Delhi Capitals,9.605454545454547,209
331,598007,Kings XI Punjab,1,102.23076923076923,Chennai Super Kings,8.920833333333333,138
332,598008,Royal Challengers Bangalore,1,116.87642857142858,Kolkata Knight Riders,9.012727272727274,154
333,598009,Pune Warriors,1,109.13333333333334,Rajasthan Royals,8.313636363636364,145
334,598010,Delhi Capitals,1,84.22684210526317,Sunrisers Hyderabad,5.844545454545455,114
335,598011,Mumbai Indians,1,110.50466666666665,Pune Warriors,8.134615384615385,183
336,598012,Chennai Super Kings,1,121.21933333333335,Royal Challengers Bangalore,8.260833333333332,165
337,598013,Kolkata Knight Riders,1,109.36285714285714,Sunrisers Hyderabad,8.7475,180
338,598014,Rajasthan Royals,1,83.14058823529412,Kings XI Punjab,6.542727272727273,124
339,598015,Chennai Super Kings,1,100.7035294117647,Pune Warriors,7.64,159
340,598016,Kings XI Punjab,1,87.617,Kolkata Knight Riders,8.390909090909092,157
341,598017,Royal Challengers Bangalore,1,119.013125,Delhi Capitals,7.691818181818181,152
342,598018,Pune Warriors,1,84.18904761904761,Sunrisers Hyderabad,5.7829999999999995,119
343,598019,Rajasthan Royals,1,88.52250000000001,Mumbai Indians,7.345833333333334,179
344,598020,Delhi Capitals,1,84.26437499999999,Chennai Super Kings,6.8116666666666665,169
345,598021,Sunrisers Hyderabad,1,93.98411764705881,Kings XI Punjab,6.25,123
346,598022,Kolkata Knight Riders,1,103.22277777777778,Chennai Super Kings,6.453333333333333,119
347,598023,Royal Challengers Bangalore,1,79.725625,Rajasthan Royals,6.7309090909090905,117
348,598024,Delhi Capitals,1,125.5888888888889,Mumbai Indians,9.543333333333333,161
349,598025,Kings XI Punjab,1,151.05090909090907,Pune Warriors,9.535454545454543,185
350,598026,Chennai Super Kings,1,121.14153846153847,Rajasthan Royals,9.98076923076923,185
351,598027,Royal Challengers Bangalore,1,120.77352941176471,Pune Warriors,11.922307692307696,263
352,598028,Kings XI Punjab,1,131.17538461538462,Delhi Capitals,8.758,171
353,598029,Kolkata Knight Riders,1,153.4264285714286,Mumbai Indians,8.58,159
354,598030,Chennai Super Kings,1,104.65666666666667,Sunrisers Hyderabad,9.173333333333334,159
355,598031,Kolkata Knight Riders,1,106.58692307692307,Kings XI Punjab,8.134545454545453,149
356,598032,Rajasthan Royals,1,94.90071428571427,Sunrisers Hyderabad,8.156666666666666,144
357,598033,Mumbai Indians,1,120.64529411764707,Royal Challengers Bangalore,8.582727272727274,194
358,598034,Chennai Super Kings,1,140.2372727272727,Kolkata Knight Riders,9.748333333333333,200
359,598035,Delhi Capitals,1,142.34230769230768,Pune Warriors,8.332500000000001,164
360,598036,Rajasthan Royals,1,143.28125,Royal Challengers Bangalore,8.709166666666667,171
361,598037,Mumbai Indians,1,104.963125,Kings XI Punjab,9.638333333333334,174
362,598038,Pune Warriors,1,100.50812499999999,Chennai Super Kings,7.7725,164
363,598039,Sunrisers Hyderabad,1,95.02454545454545,Mumbai Indians,7.236666666666667,129
364,598040,Delhi Capitals,1,133.2246153846154,Kolkata Knight Riders,7.959090909090909,136
365,598041,Chennai Super Kings,1,112.79785714285715,Kings XI Punjab,10.086666666666666,186
366,598042,Pune Warriors,1,123.42666666666666,Royal Challengers Bangalore,9.365384615384617,187
367,598043,Kolkata Knight Riders,1,108.31083333333333,Rajasthan Royals,7.469999999999999,132
368,598044,Sunrisers Hyderabad,1,68.2964705882353,Delhi Capitals,5.0225,80
369,598045,Royal Challengers Bangalore,1,150.3790909090909,Kings XI Punjab,9.609,174
370,598046,Mumbai Indians,1,73.97777777777779,Chennai Super Kings,6.088181818181818,139
371,598047,Rajasthan Royals,1,143.56333333333336,Pune Warriors,9.17,178
372,598048,Royal Challengers Bangalore,1,119.98615384615385,Sunrisers Hyderabad,10.11153846153846,161
373,598049,Rajasthan Royals,1,126.67000000000002,Delhi Capitals,8.5125,154
374,598050,Mumbai Indians,1,97.21176470588235,Kolkata Knight Riders,7.336363636363637,170
375,598051,Sunrisers Hyderabad,1,140.59714285714287,Chennai Super Kings,9.276153846153846,223
376,598052,Kings XI Punjab,1,95.71500000000002,Rajasthan Royals,8.015833333333333,145
377,598053,Pune Warriors,1,92.71368421052634,Kolkata Knight Riders,6.396666666666667,152
378,598054,Delhi Capitals,1,157.1807142857143,Royal Challengers Bangalore,9.825,183
379,598055,Pune Warriors,1,90.01625000000001,Mumbai Indians,6.044999999999999,112
380,598056,Kings XI Punjab,1,71.115,Sunrisers Hyderabad,6.824166666666667,150
381,598057,Kolkata Knight Riders,1,80.74111111111111,Royal Challengers Bangalore,6.641666666666667,115
382,598058,Rajasthan Royals,1,96.35307692307691,Chennai Super Kings,8.888333333333332,141
383,598059,Delhi Capitals,1,105.61187500000001,Kings XI Punjab,6.81,120
384,598060,Mumbai Indians,1,135.5681818181818,Sunrisers Hyderabad,9.237499999999999,178
385,598061,Kolkata Knight Riders,1,109.55615384615385,Pune Warriors,8.417142857142858,170
386,598062,Chennai Super Kings,1,96.94176470588235,Delhi Capitals,7.846363636363637,168
387,598063,Mumbai Indians,1,117.86833333333331,Rajasthan Royals,8.423636363636364,166
388,598064,Kings XI Punjab,1,155.37,Royal Challengers Bangalore,11.22181818181818,190
389,598065,Sunrisers Hyderabad,1,88.27749999999999,Rajasthan Royals,6.4253846153846155,136
390,598066,Kings XI Punjab,1,95.47789473684212,Mumbai Indians,8.502857142857142,183
391,598067,Pune Warriors,1,117.49411764705883,Delhi Capitals,7.924545454545456,172
392,598068,Royal Challengers Bangalore,1,184.686,Chennai Super Kings,12.89,106
393,598069,Sunrisers Hyderabad,1,93.39625,Kolkata Knight Riders,7.519999999999999,130
394,598070,Chennai Super Kings,1,99.86076923076924,Mumbai Indians,8.875833333333334,192
395,598071,Rajasthan Royals,1,101.83058823529409,Sunrisers Hyderabad,6.728333333333334,132
396,598072,Mumbai Indians,1,143.97125000000003,Rajasthan Royals,8.688333333333333,165
397,598073,Chennai Super Kings,1,67.11,Mumbai Indians,6.8675,148
398,729279,Mumbai Indians,1,88.65666666666668,Kolkata Knight Riders,7.358333333333333,163
399,729281,Delhi Capitals,1,94.96100000000001,Royal Challengers Bangalore,7.944166666666667,145
400,729283,Chennai Super Kings,1,170.18636363636364,Kings XI Punjab,10.798333333333332,205
401,729285,Sunrisers Hyderabad,1,115.28133333333332,Rajasthan Royals,7.088333333333334,133
402,729287,Royal Challengers Bangalore,1,71.523125,Mumbai Indians,6.399090909090908,115
403,729289,Kolkata Knight Riders,1,120.52285714285715,Delhi Capitals,8.864166666666666,166
404,729291,Rajasthan Royals,1,148.7375,Kings XI Punjab,10.023636363636363,191
405,729293,Chennai Super Kings,1,108.97444444444443,Delhi Capitals,7.390833333333334,177
406,729295,Kings XI Punjab,1,104.65117647058823,Sunrisers Hyderabad,8.778333333333334,193
407,729297,Rajasthan Royals,1,102.6621052631579,Chennai Super Kings,6.935384615384616,140
408,729299,Royal Challengers Bangalore,1,106.5457142857143,Kolkata Knight Riders,7.9818181818181815,150
409,729301,Sunrisers Hyderabad,1,170.62,Delhi Capitals,9.411666666666667,184
410,729303,Chennai Super Kings,1,115.39642857142857,Mumbai Indians,8.218333333333332,141
411,729305,Rajasthan Royals,1,62.574666666666666,Royal Challengers Bangalore,4.92,70
412,729307,Kolkata Knight Riders,1,82.69909090909091,Kings XI Punjab,6.57,132
413,729309,Delhi Capitals,1,107.0557142857143,Mumbai Indians,6.7316666666666665,125
414,729311,Sunrisers Hyderabad,1,104.56285714285714,Chennai Super Kings,7.748181818181819,145
415,729313,Kings XI Punjab,1,98.96352941176468,Royal Challengers Bangalore,7.0275,124
416,729315,Kolkata Knight Riders,1,93.84882352941179,Rajasthan Royals,7.53,152
417,729317,Mumbai Indians,1,123.123125,Sunrisers Hyderabad,9.274166666666668,172
418,733971,Chennai Super Kings,1,103.40533333333333,Kolkata Knight Riders,8.994166666666667,148
419,733973,Mumbai Indians,1,135.11928571428572,Kings XI Punjab,9.208181818181819,168
420,733975,Delhi Capitals,1,130.91818181818184,Rajasthan Royals,8.348333333333334,152
421,733977,Royal Challengers Bangalore,1,120.7,Sunrisers Hyderabad,8.297272727272729,155
422,733979,Rajasthan Royals,1,139.98466666666667,Kolkata Knight Riders,8.723333333333333,170
423,733981,Delhi Capitals,1,129.25181818181818,Chennai Super Kings,9.305454545454545,178
424,733983,Mumbai Indians,1,136.499375,Royal Challengers Bangalore,9.203333333333333,187
425,733985,Delhi Capitals,1,133.17545454545456,Kolkata Knight Riders,9.040833333333333,160
426,733987,Kings XI Punjab,1,179.89714285714285,Chennai Super Kings,11.234166666666667,231
427,733989,Rajasthan Royals,1,79.0752380952381,Sunrisers Hyderabad,6.293333333333334,134
428,733991,Royal Challengers Bangalore,1,126.18285714285715,Kings XI Punjab,11.1225,198
429,733993,Delhi Capitals,1,126.88166666666666,Sunrisers Hyderabad,9.63090909090909,143
430,733995,Mumbai Indians,1,134.13857142857142,Chennai Super Kings,8.934545454545455,157
431,733997,Kings XI Punjab,1,110.2275,Kolkata Knight Riders,8.340833333333334,149
432,733999,Royal Challengers Bangalore,1,136.90571428571428,Rajasthan Royals,10.539166666666667,190
433,734001,Sunrisers Hyderabad,1,133.535,Mumbai Indians,8.6825,157
434,734003,Chennai Super Kings,1,116.75,Rajasthan Royals,8.474545454545455,148
435,734005,Royal Challengers Bangalore,1,119.63066666666667,Delhi Capitals,9.190000000000001,186
436,734007,Sunrisers Hyderabad,1,149.31153846153845,Kings XI Punjab,10.912727272727274,205
437,734009,Kolkata Knight Riders,1,108.18749999999999,Mumbai Indians,7.655833333333334,141
438,734011,Rajasthan Royals,1,119.80888888888892,Delhi Capitals,8.733846153846155,201
439,734013,Chennai Super Kings,1,133.44307692307692,Royal Challengers Bangalore,7.5858333333333325,138
440,734015,Sunrisers Hyderabad,1,109.40285714285714,Kolkata Knight Riders,7.403333333333333,142
441,734017,Rajasthan Royals,1,116.67071428571428,Mumbai Indians,8.825,178
442,734019,Delhi Capitals,1,118.44588235294117,Kings XI Punjab,8.537,164
443,734021,Sunrisers Hyderabad,1,136.76916666666668,Royal Challengers Bangalore,8.912307692307692,160
444,734023,Kolkata Knight Riders,1,138.68,Chennai Super Kings,8.447272727272727,154
445,734025,Kings XI Punjab,1,106.52399999999999,Mumbai Indians,8.258,156
446,734027,Kolkata Knight Riders,1,151.89923076923077,Royal Challengers Bangalore,9.343636363636364,195
447,734029,Chennai Super Kings,1,161.72545454545454,Sunrisers Hyderabad,10.01,185
448,734031,Mumbai Indians,1,112.75117647058826,Delhi Capitals,8.7225,173
449,734033,Kings XI Punjab,1,134.175,Rajasthan Royals,9.002727272727272,179
450,734035,Royal Challengers Bangalore,1,125.44166666666666,Chennai Super Kings,8.420000000000002,154
451,734037,Kolkata Knight Riders,1,138.47400000000002,Sunrisers Hyderabad,10.46,160
452,734039,Kings XI Punjab,1,77.50874999999999,Delhi Capitals,8.423636363636364,115
453,734041,Mumbai Indians,1,219.9383333333333,Rajasthan Royals,11.618181818181819,189
454,734043,Kings XI Punjab,1,115.30222222222223,Kolkata Knight Riders,7.603999999999999,163
455,734045,Chennai Super Kings,1,140.13066666666666,Mumbai Indians,9.665,173
456,734047,Chennai Super Kings,1,125.154375,Kings XI Punjab,10.587272727272728,226
457,734049,Kolkata Knight Riders,1,128.69666666666666,Kings XI Punjab,10.297,199
458,829705,Kolkata Knight Riders,1,123.728,Mumbai Indians,9.135833333333332,168
459,829707,Chennai Super Kings,1,117.21684210526315,Delhi Capitals,7.748181818181817,150
460,829709,Kings XI Punjab,1,95.11833333333333,Rajasthan Royals,7.61,162
461,829711,Chennai Super Kings,1,119.58538461538463,Sunrisers Hyderabad,10.318333333333333,209
462,829713,Kolkata Knight Riders,1,138.49249999999998,Royal Challengers Bangalore,9.576153846153847,177
463,829715,Delhi Capitals,1,149.19785714285715,Rajasthan Royals,9.9325,184
464,829717,Mumbai Indians,1,113.96733333333333,Kings XI Punjab,8.787272727272727,177
465,829719,Royal Challengers Bangalore,1,127.69599999999998,Sunrisers Hyderabad,9.784166666666666,166
466,829721,Rajasthan Royals,1,129.19333333333333,Mumbai Indians,7.926153846153847,164
467,829723,Kolkata Knight Riders,1,104.46937500000001,Chennai Super Kings,9.0075,165
468,829725,Kings XI Punjab,1,140.3176923076923,Delhi Capitals,8.536923076923078,165
469,829727,Sunrisers Hyderabad,1,103.40076923076923,Rajasthan Royals,6.504615384615385,127
470,829729,Mumbai Indians,1,137.07153846153844,Chennai Super Kings,10.792499999999999,183
471,829731,Sunrisers Hyderabad,1,123.60866666666668,Delhi Capitals,8.706153846153846,167
472,829733,Kings XI Punjab,1,129.51058823529414,Kolkata Knight Riders,8.622,155
473,829735,Rajasthan Royals,1,113.80300000000003,Chennai Super Kings,8.443846153846154,156
474,829737,Royal Challengers Bangalore,1,138.81411764705882,Mumbai Indians,10.184545454545455,209
475,829739,Delhi Capitals,1,108.17399999999999,Kolkata Knight Riders,8.020833333333334,146
476,829741,Rajasthan Royals,1,149.840625,Kings XI Punjab,10.30923076923077,191
477,829743,Sunrisers Hyderabad,1,119.10000000000002,Kolkata Knight Riders,8.925714285714287,176
478,829745,Royal Challengers Bangalore,1,122.28777777777776,Chennai Super Kings,9.19090909090909,181
479,829747,Delhi Capitals,1,104.24187500000001,Mumbai Indians,8.815384615384616,190
480,829749,Rajasthan Royals,1,98.23285714285716,Royal Challengers Bangalore,8.639166666666666,130
481,829751,Mumbai Indians,1,98.79050000000001,Sunrisers Hyderabad,7.44,157
482,829753,Chennai Super Kings,1,90.26937500000001,Kings XI Punjab,7.261818181818182,192
483,829757,Delhi Capitals,1,67.6676923076923,Royal Challengers Bangalore,7.399090909090908,95
484,829759,Kings XI Punjab,1,94.35947368421053,Sunrisers Hyderabad,7.043636363636364,150
485,829761,Kolkata Knight Riders,1,143.06812499999998,Delhi Capitals,9.186923076923076,171
486,829763,Royal Challengers Bangalore,1,208.57875,Rajasthan Royals,10.673333333333332,200
487,829765,Chennai Super Kings,1,93.74736842105264,Kolkata Knight Riders,6.660833333333333,134
488,829767,Delhi Capitals,1,104.26230769230769,Kings XI Punjab,7.415454545454545,118
489,829769,Mumbai Indians,1,136.83533333333335,Rajasthan Royals,9.452727272727271,187
490,829771,Royal Challengers Bangalore,1,175.304,Kolkata Knight Riders,11.795,111
491,829773,Sunrisers Hyderabad,1,155.22125,Chennai Super Kings,9.52,192
492,829775,Kings XI Punjab,1,137.04999999999998,Mumbai Indians,8.393846153846154,172
493,829777,Rajasthan Royals,1,152.4869230769231,Delhi Capitals,9.601818181818182,189
494,829779,Chennai Super Kings,1,84.88111111111111,Royal Challengers Bangalore,6.9558333333333335,148
495,829781,Kolkata Knight Riders,1,118.026,Sunrisers Hyderabad,8.313846153846153,167
496,829783,Mumbai Indians,1,109.018,Delhi Capitals,7.762499999999999,152
497,829785,Royal Challengers Bangalore,1,104.49375000000002,Kings XI Punjab,9.557272727272727,226
498,829787,Rajasthan Royals,1,150.926,Sunrisers Hyderabad,10.185833333333333,201
499,829789,Chennai Super Kings,1,139.78,Mumbai Indians,8.061666666666666,158
500,829791,Kolkata Knight Riders,1,144.892,Kings XI Punjab,9.231666666666667,183
501,829793,Delhi Capitals,1,112.35583333333334,Sunrisers Hyderabad,9.008461538461539,163
502,829795,Mumbai Indians,1,181.75749999999996,Royal Challengers Bangalore,11.165454545454546,235
503,829797,Chennai Super Kings,1,103.69500000000001,Rajasthan Royals,7.729090909090909,157
504,829799,Sunrisers Hyderabad,1,135.0446666666667,Kings XI Punjab,9.290000000000001,185
505,829801,Delhi Capitals,1,97.15285714285717,Chennai Super Kings,6.81,119
506,829803,Kings XI Punjab,1,146.64666666666665,Royal Challengers Bangalore,9.898,106
507,829805,Mumbai Indians,1,129.60866666666666,Kolkata Knight Riders,8.661538461538461,171
508,829807,Sunrisers Hyderabad,1,162.01333333333332,Royal Challengers Bangalore,12.988999999999999,135
509,829809,Kings XI Punjab,1,101.14999999999998,Chennai Super Kings,7.390714285714286,130
510,829811,Rajasthan Royals,1,118.79722222222225,Kolkata Knight Riders,10.166666666666668,199
511,829813,Royal Challengers Bangalore,1,95.66777777777779,Delhi Capitals,7.45375,187
512,829815,Sunrisers Hyderabad,1,102.88285714285715,Mumbai Indians,7.325833333333333,113
513,829817,Chennai Super Kings,1,118.08947368421055,Mumbai Indians,9.1,187
514,829819,Royal Challengers Bangalore,1,105.59882352941176,Rajasthan Royals,7.1118181818181805,180
515,829821,Chennai Super Kings,1,95.39277777777778,Royal Challengers Bangalore,7.4375,139
516,829823,Mumbai Indians,1,130.0929411764706,Chennai Super Kings,9.401666666666667,202
517,980901,Mumbai Indians,1,93.93230769230769,Rising Pune Supergiants,8.0925,121
518,980903,Kolkata Knight Riders,1,86.11428571428571,Delhi Capitals,6.370909090909091,98
519,980905,Kings XI Punjab,1,128.88357142857143,Gujarat Lions,9.079166666666667,161
520,980907,Royal Challengers Bangalore,1,149.83928571428572,Sunrisers Hyderabad,10.670909090909092,227
521,980909,Kolkata Knight Riders,1,166.04461538461538,Mumbai Indians,10.093636363636364,187
522,980911,Gujarat Lions,1,129.04833333333335,Rising Pune Supergiants,9.004166666666666,163
523,980913,Delhi Capitals,1,104.38000000000001,Kings XI Punjab,7.349166666666666,111
524,980915,Sunrisers Hyderabad,1,103.82499999999999,Kolkata Knight Riders,8.060833333333333,142
525,980917,Mumbai Indians,1,104.55555555555554,Gujarat Lions,7.493333333333333,143
526,980919,Kings XI Punjab,1,109.89071428571428,Rising Pune Supergiants,7.815,152
527,980921,Royal Challengers Bangalore,1,114.67916666666666,Delhi Capitals,10.079166666666667,191
528,980923,Sunrisers Hyderabad,1,96.06692307692308,Mumbai Indians,7.83,142
529,980925,Kings XI Punjab,1,112.0325,Kolkata Knight Riders,8.47,138
530,980927,Mumbai Indians,1,128.095,Royal Challengers Bangalore,9.219166666666666,170
531,980929,Gujarat Lions,1,91.28818181818181,Sunrisers Hyderabad,8.180769230769231,135
532,980931,Rising Pune Supergiants,1,111.542,Royal Challengers Bangalore,9.101666666666667,185
533,980933,Delhi Capitals,1,103.97466666666668,Mumbai Indians,8.823076923076924,164
534,980935,Sunrisers Hyderabad,1,107.378,Kings XI Punjab,7.673636363636363,143
535,980937,Gujarat Lions,1,166.299,Royal Challengers Bangalore,9.202727272727271,180
536,980939,Rising Pune Supergiants,1,140.109375,Kolkata Knight Riders,8.54923076923077,160
537,980941,Kings XI Punjab,1,112.88571428571429,Mumbai Indians,9.385,189
538,980943,Sunrisers Hyderabad,1,82.02153846153848,Rising Pune Supergiants,7.8981818181818175,118
539,980945,Delhi Capitals,1,109.42200000000001,Gujarat Lions,9.468571428571428,172
540,980947,Mumbai Indians,1,148.56923076923078,Kolkata Knight Riders,9.67,174
541,980949,Rising Pune Supergiants,1,125.11615384615385,Gujarat Lions,9.993333333333334,195
542,980951,Delhi Capitals,1,112.73666666666666,Kolkata Knight Riders,9.371818181818183,186
543,980953,Sunrisers Hyderabad,1,127.225,Royal Challengers Bangalore,9.840909090909092,194
544,980955,Gujarat Lions,1,81.06714285714285,Kings XI Punjab,7.4225,154
545,980957,Rising Pune Supergiants,1,130.19818181818184,Mumbai Indians,8.713333333333333,159
546,980959,Royal Challengers Bangalore,1,157.6614285714286,Kolkata Knight Riders,9.59909090909091,185
547,980961,Gujarat Lions,1,122.8175,Delhi Capitals,8.287692307692307,149
548,980963,Kolkata Knight Riders,1,104.95133333333334,Kings XI Punjab,8.676923076923076,164
549,980965,Delhi Capitals,1,138.55928571428572,Rising Pune Supergiants,8.778461538461539,162
550,980967,Sunrisers Hyderabad,1,100.39533333333334,Gujarat Lions,6.951666666666667,126
551,980969,Royal Challengers Bangalore,1,151.07461538461538,Rising Pune Supergiants,9.878333333333334,191
552,980971,Kings XI Punjab,1,151.5635714285714,Delhi Capitals,9.23090909090909,181
553,980973,Mumbai Indians,1,96.16562499999999,Sunrisers Hyderabad,7.535,177
554,980975,Kolkata Knight Riders,1,122.10166666666667,Gujarat Lions,8.925384615384615,158
555,980977,Kings XI Punjab,1,118.86416666666668,Royal Challengers Bangalore,8.7575,175
556,980979,Rising Pune Supergiants,1,106.67882352941176,Sunrisers Hyderabad,7.365833333333335,137
557,980981,Royal Challengers Bangalore,1,126.8075,Mumbai Indians,9.128333333333334,151
558,980983,Sunrisers Hyderabad,1,105.33928571428571,Delhi Capitals,7.948461538461538,146
559,980985,Mumbai Indians,1,82.66562499999999,Kings XI Punjab,7.062,124
560,980987,Royal Challengers Bangalore,1,83.386,Gujarat Lions,9.18625,248
561,980989,Kolkata Knight Riders,1,119.94416666666666,Rising Pune Supergiants,9.145,103
562,980991,Kings XI Punjab,1,148.683,Sunrisers Hyderabad,9.504999999999999,179
563,980993,Mumbai Indians,1,123.16176470588235,Delhi Capitals,8.17909090909091,206
564,980995,Kolkata Knight Riders,1,138.302,Royal Challengers Bangalore,9.704166666666666,183
565,980997,Rising Pune Supergiants,1,90.41181818181818,Delhi Capitals,7.108181818181818,121
566,980999,Royal Challengers Bangalore,1,127.62,Kings XI Punjab,11.103076923076923,211
567,981001,Gujarat Lions,1,100.87562499999999,Kolkata Knight Riders,7.5590909090909095,124
568,981003,Delhi Capitals,1,125.78642857142857,Sunrisers Hyderabad,8.214615384615385,158
569,981005,Rising Pune Supergiants,1,124.26647058823528,Kings XI Punjab,8.729166666666666,172
570,981007,Gujarat Lions,1,118.68200000000002,Mumbai Indians,9.844166666666666,172
571,981009,Kolkata Knight Riders,1,122.27666666666667,Sunrisers Hyderabad,7.92,171
572,981011,Delhi Capitals,1,94.548,Royal Challengers Bangalore,7.222307692307693,138
573,981013,Gujarat Lions,1,89.96842105263158,Royal Challengers Bangalore,8.726666666666667,158
574,981015,Sunrisers Hyderabad,1,110.98722222222221,Kolkata Knight Riders,7.893846153846154,162
575,981017,Gujarat Lions,1,115.75411764705882,Sunrisers Hyderabad,8.535,162
576,981019,Royal Challengers Bangalore,1,157.9055555555555,Sunrisers Hyderabad,10.485,208
577,1082591,Sunrisers Hyderabad,1,156.7358823529412,Royal Challengers Bangalore,9.401428571428571,207
578,1082592,Rising Pune Supergiants,1,144.6492857142857,Mumbai Indians,9.7575,184
579,1082593,Gujarat Lions,1,167.71857142857144,Kolkata Knight Riders,11.913333333333332,183
580,1082594,Kings XI Punjab,1,129.44,Rising Pune Supergiants,8.631666666666666,163
581,1082595,Royal Challengers Bangalore,1,98.03899999999999,Delhi Capitals,8.003333333333332,157
582,1082596,Sunrisers Hyderabad,1,109.11666666666666,Gujarat Lions,8.472500000000002,135
583,1082597,Mumbai Indians,1,128.949375,Kolkata Knight Riders,9.225,178
584,1082598,Kings XI Punjab,1,117.38799999999999,Royal Challengers Bangalore,9.764999999999999,148
585,1082599,Rising Pune Supergiants,1,122.43294117647056,Delhi Capitals,9.0175,205
586,1082600,Mumbai Indians,1,117.52647058823531,Sunrisers Hyderabad,8.8525,158
587,1082601,Kolkata Knight Riders,1,131.20999999999998,Kings XI Punjab,10.25076923076923,170
588,1082602,Royal Challengers Bangalore,1,90.59266666666666,Mumbai Indians,8.103333333333333,142
589,1082603,Gujarat Lions,1,119.79933333333332,Rising Pune Supergiants,9.213846153846154,171
590,1082604,Kolkata Knight Riders,1,121.41624999999998,Sunrisers Hyderabad,8.262500000000001,172
591,1082605,Delhi Capitals,1,116.17500000000001,Kings XI Punjab,8.004166666666668,188
592,1082606,Mumbai Indians,1,125.00083333333335,Gujarat Lions,9.864166666666666,176
593,1082607,Royal Challengers Bangalore,1,95.042,Rising Pune Supergiants,7.71,161
594,1082608,Delhi Capitals,1,121.64874999999999,Kolkata Knight Riders,8.875833333333333,168
595,1082609,Sunrisers Hyderabad,1,111.60263157894735,Kings XI Punjab,8.202727272727273,159
596,1082610,Gujarat Lions,1,142.82307692307694,Royal Challengers Bangalore,10.741666666666665,213
597,1082611,Sunrisers Hyderabad,1,135.35666666666665,Delhi Capitals,9.429166666666667,191
598,1082612,Kings XI Punjab,1,175.727,Mumbai Indians,11.4225,198
599,1082613,Kolkata Knight Riders,1,155.78866666666667,Gujarat Lions,9.933846153846154,187
600,1082614,Mumbai Indians,1,92.42315789473685,Delhi Capitals,7.122727272727274,142
601,1082615,Rising Pune Supergiants,1,144.02363636363637,Sunrisers Hyderabad,8.858333333333333,176
602,1082616,Gujarat Lions,1,128.6141176470588,Kings XI Punjab,9.303076923076922,188
603,1082617,Kolkata Knight Riders,1,75.86045454545454,Royal Challengers Bangalore,6.087,131
604,1082618,Mumbai Indians,1,134.98375000000001,Rising Pune Supergiants,7.988181818181818,160
605,1082620,Rising Pune Supergiants,1,154.58100000000002,Kolkata Knight Riders,9.978333333333333,182
606,1082621,Royal Challengers Bangalore,1,96.52250000000001,Gujarat Lions,8.775833333333333,134
607,1082622,Kolkata Knight Riders,1,134.58916666666664,Delhi Capitals,9.460833333333333,160
608,1082623,Kings XI Punjab,1,135.25533333333334,Sunrisers Hyderabad,10.5575,207
609,1082624,Rising Pune Supergiants,1,79.393125,Royal Challengers Bangalore,6.720833333333334,157
610,1082625,Gujarat Lions,1,98.33227272727271,Mumbai Indians,8.18,153
611,1082626,Kings XI Punjab,1,62.157692307692315,Delhi Capitals,5.988181818181818,67
612,1082627,Sunrisers Hyderabad,1,128.66666666666666,Kolkata Knight Riders,9.955,209
613,1082628,Mumbai Indians,1,111.68875,Royal Challengers Bangalore,8.5325,162
614,1082629,Rising Pune Supergiants,1,107.38166666666666,Gujarat Lions,8.637500000000001,161
615,1082630,Delhi Capitals,1,158.90363636363637,Sunrisers Hyderabad,10.373636363636363,185
616,1082631,Kolkata Knight Riders,1,102.08333333333331,Rising Pune Supergiants,9.279166666666667,155
617,1082632,Delhi Capitals,1,154.73499999999999,Gujarat Lions,12.306428571428572,208
618,1082633,Royal Challengers Bangalore,1,90.60750000000002,Kings XI Punjab,7.113333333333333,138
619,1082634,Sunrisers Hyderabad,1,100.35315789473684,Rising Pune Supergiants,6.906666666666666,148
620,1082635,Delhi Capitals,1,97.215625,Mumbai Indians,8.073333333333334,212
621,1082636,Royal Challengers Bangalore,1,123.4669230769231,Kolkata Knight Riders,10.066666666666668,158
622,1082637,Kings XI Punjab,1,144.31454545454545,Gujarat Lions,9.834166666666667,189
623,1082638,Sunrisers Hyderabad,1,102.50071428571427,Mumbai Indians,8.476666666666668,138
624,1082639,Kings XI Punjab,1,117.995625,Kolkata Knight Riders,8.726666666666667,167
625,1082640,Gujarat Lions,1,165.62588235294118,Delhi Capitals,10.700000000000001,195
626,1082641,Mumbai Indians,1,174.86153846153846,Kings XI Punjab,11.50153846153846,230
627,1082642,Delhi Capitals,1,111.5,Rising Pune Supergiants,8.552307692307693,168
628,1082643,Gujarat Lions,1,89.96733333333333,Sunrisers Hyderabad,8.985833333333334,154
629,1082644,Kolkata Knight Riders,1,115.285,Mumbai Indians,8.590000000000002,173
630,1082645,Rising Pune Supergiants,1,72.99000000000001,Kings XI Punjab,5.9575000000000005,73
631,1082646,Delhi Capitals,1,119.14210526315789,Royal Challengers Bangalore,8.019166666666665,161
632,1082647,Mumbai Indians,1,105.844375,Rising Pune Supergiants,8.223333333333334,162
633,1082648,Sunrisers Hyderabad,1,98.35923076923079,Kolkata Knight Riders,8.076363636363636,128
634,1082649,Mumbai Indians,1,87.01470588235294,Kolkata Knight Riders,7.076363636363637,107
635,1082650,Mumbai Indians,1,101.48666666666666,Rising Pune Supergiants,6.622727272727272,129
636,1136561,Mumbai Indians,1,106.67588235294116,Chennai Super Kings,8.555,165
637,1136562,Kings XI Punjab,1,139.8578571428571,Delhi Capitals,8.680000000000001,166
638,1136563,Kolkata Knight Riders,1,137.3273333333333,Royal Challengers Bangalore,9.466666666666667,176
639,1136564,Sunrisers Hyderabad,1,84.23071428571428,Rajasthan Royals,7.4558333333333335,125
640,1136565,Chennai Super Kings,1,163.69800000000004,Kolkata Knight Riders,11.107692307692307,202
641,1136566,Rajasthan Royals,1,163.6190909090909,Delhi Capitals,9.31,153
642,1136567,Sunrisers Hyderabad,1,109.70142857142855,Mumbai Indians,7.578181818181818,147
643,1136568,Royal Challengers Bangalore,1,98.9521052631579,Kings XI Punjab,8.386,155
644,1136569,Mumbai Indians,1,137.12785714285715,Delhi Capitals,10.1625,194
645,1136570,Kolkata Knight Riders,1,108.923125,Sunrisers Hyderabad,7.5590909090909095,138
646,1136571,Royal Challengers Bangalore,1,152.3085714285714,Rajasthan Royals,10.98692307692308,217
647,1136572,Kings XI Punjab,1,132.10733333333334,Chennai Super Kings,9.737499999999999,197
648,1136573,Kolkata Knight Riders,1,113.7645,Delhi Capitals,9.871666666666666,200
649,1136574,Mumbai Indians,1,116.00764705882352,Royal Challengers Bangalore,9.548333333333334,213
650,1136575,Rajasthan Royals,1,117.81214285714285,Kolkata Knight Riders,8.440833333333332,160
651,1136576,Kings XI Punjab,1,138.4466666666667,Sunrisers Hyderabad,9.634545454545453,193
652,1136577,Chennai Super Kings,1,118.6438888888889,Rajasthan Royals,8.993846153846153,204
653,1136578,Kolkata Knight Riders,1,126.54249999999998,Kings XI Punjab,12.011538461538462,191
654,1136579,Royal Challengers Bangalore,1,123.37916666666668,Delhi Capitals,9.8125,174
655,1136580,Sunrisers Hyderabad,1,129.92538461538462,Chennai Super Kings,9.096666666666666,182
656,1136581,Rajasthan Royals,1,99.26117647058823,Mumbai Indians,8.775,167
657,1136582,Delhi Capitals,1,94.63764705882353,Kings XI Punjab,7.055,143
658,1136583,Mumbai Indians,1,66.125,Sunrisers Hyderabad,5.516666666666667,118
659,1136584,Royal Challengers Bangalore,1,140.98375,Chennai Super Kings,10.986923076923079,205
660,1136585,Sunrisers Hyderabad,1,111.50722222222223,Kings XI Punjab,7.0200000000000005,132
661,1136586,Delhi Capitals,1,125.06062500000002,Kolkata Knight Riders,9.907692307692308,219
662,1136587,Chennai Super Kings,1,117.6,Mumbai Indians,9.179166666666665,169
663,1136588,Rajasthan Royals,1,105.17499999999998,Sunrisers Hyderabad,7.753846153846154,151
664,1136589,Royal Challengers Bangalore,1,141.28076923076924,Kolkata Knight Riders,9.283636363636363,175
665,1136590,Chennai Super Kings,1,146.73499999999999,Delhi Capitals,10.639999999999999,211
666,1136591,Royal Challengers Bangalore,1,106.71235294117646,Mumbai Indians,9.04,167
667,1136592,Delhi Capitals,1,152.08615384615385,Rajasthan Royals,12.763333333333334,196
668,1136593,Kolkata Knight Riders,1,149.565,Chennai Super Kings,10.026153846153846,177
669,1136594,Kings XI Punjab,1,151.6523076923077,Mumbai Indians,9.178461538461537,174
670,1136595,Chennai Super Kings,1,91.90812499999998,Royal Challengers Bangalore,7.209166666666667,127
671,1136596,Sunrisers Hyderabad,1,122.28500000000001,Delhi Capitals,8.134545454545455,163
672,1136597,Mumbai Indians,1,134.37615384615384,Kolkata Knight Riders,8.888461538461538,181
673,1136598,Kings XI Punjab,1,107.136875,Rajasthan Royals,8.146666666666667,152
674,1136599,Sunrisers Hyderabad,1,104.22388888888891,Royal Challengers Bangalore,7.364545454545453,146
675,1136600,Rajasthan Royals,1,94.36277777777778,Kings XI Punjab,7.882307692307692,158
676,1136601,Kolkata Knight Riders,1,148.5716666666667,Mumbai Indians,8.290833333333333,210
677,1136602,Delhi Capitals,1,128.38666666666666,Sunrisers Hyderabad,10.13,187
678,1136603,Rajasthan Royals,1,147.60076923076923,Chennai Super Kings,9.534615384615385,176
679,1136604,Kings XI Punjab,1,186.63555555555556,Kolkata Knight Riders,11.663333333333334,245
680,1136605,Delhi Capitals,1,123.34538461538462,Royal Challengers Bangalore,9.740000000000002,181
681,1136606,Chennai Super Kings,1,126.577,Sunrisers Hyderabad,9.726666666666667,179
682,1136607,Mumbai Indians,1,118.88636363636365,Rajasthan Royals,9.276363636363635,168
683,1136608,Kings XI Punjab,1,81.15692307692308,Royal Challengers Bangalore,9.329090909090908,88
684,1136609,Kolkata Knight Riders,1,121.98117647058825,Rajasthan Royals,8.255454545454546,142
685,1136610,Mumbai Indians,1,151.04470588235293,Kings XI Punjab,10.205833333333333,186
686,1136611,Royal Challengers Bangalore,1,151.72692307692307,Sunrisers Hyderabad,11.02909090909091,218
687,1136612,Delhi Capitals,1,99.306,Chennai Super Kings,7.803333333333335,162
688,1136613,Rajasthan Royals,1,89.37470588235294,Royal Challengers Bangalore,7.745833333333333,164
689,1136614,Sunrisers Hyderabad,1,119.21333333333332,Kolkata Knight Riders,9.092307692307692,172
690,1136615,Delhi Capitals,1,126.26312499999999,Mumbai Indians,8.811666666666667,174
691,1136616,Chennai Super Kings,1,90.33222222222223,Kings XI Punjab,8.589090909090908,153
692,1136617,Sunrisers Hyderabad,1,97.50055555555555,Chennai Super Kings,7.438181818181818,139
693,1136618,Kolkata Knight Riders,1,111.69571428571429,Rajasthan Royals,8.58,169
694,1136619,Kolkata Knight Riders,1,134.541052631579,Sunrisers Hyderabad,8.510833333333332,174
695,1136620,Chennai Super Kings,1,135.7890909090909,Sunrisers Hyderabad,10.154166666666667,178
696,1175356,Chennai Super Kings,1,52.151875000000004,Royal Challengers Bangalore,3.8974999999999995,70
697,1175357,Kolkata Knight Riders,1,134.68818181818182,Sunrisers Hyderabad,9.377500000000001,181
698,1175358,Mumbai Indians,1,141.94,Delhi Capitals,10.170833333333333,213
699,1175359,Rajasthan Royals,1,132.83176470588234,Kings XI Punjab,8.935454545454546,184
700,1175360,Delhi Capitals,1,118.31428571428572,Chennai Super Kings,8.03,147
701,1175361,Kolkata Knight Riders,1,158.8166666666667,Kings XI Punjab,10.820833333333333,218
702,1175362,Royal Challengers Bangalore,1,130.22375,Mumbai Indians,9.745000000000001,187
703,1175363,Sunrisers Hyderabad,1,149.4154545454545,Rajasthan Royals,10.705833333333333,198
704,1175364,Kings XI Punjab,1,142.24166666666665,Mumbai Indians,9.518181818181818,176
705,1175365,Delhi Capitals,1,139.20133333333334,Kolkata Knight Riders,9.436363636363636,185
706,1175366,Sunrisers Hyderabad,1,108.85333333333332,Royal Challengers Bangalore,8.989166666666666,231
707,1175367,Chennai Super Kings,1,127.54250000000002,Rajasthan Royals,8.928333333333333,175
708,1175368,Kings XI Punjab,1,80.96571428571428,Delhi Capitals,8.310833333333333,166
709,1175369,Rajasthan Royals,1,121.1990909090909,Royal Challengers Bangalore,9.006923076923076,158
710,1175370,Mumbai Indians,1,114.13235294117648,Chennai Super Kings,7.513333333333333,170
711,1175371,Delhi Capitals,1,102.44562499999999,Sunrisers Hyderabad,6.798181818181818,129
712,1175372,Royal Challengers Bangalore,1,160.5366666666667,Kolkata Knight Riders,11.624615384615383,205
713,1178393,Chennai Super Kings,1,96.85833333333333,Kings XI Punjab,7.45,160
714,1178394,Sunrisers Hyderabad,1,89.19631578947367,Mumbai Indians,6.286666666666666,136
715,1178395,Royal Challengers Bangalore,1,107.98777777777777,Delhi Capitals,8.262727272727274,149
716,1178396,Rajasthan Royals,1,116.37333333333335,Kolkata Knight Riders,9.97909090909091,139
717,1178397,Kings XI Punjab,1,136.80750000000003,Sunrisers Hyderabad,7.688,150
718,1178398,Chennai Super Kings,1,73.706875,Kolkata Knight Riders,6.118,108
719,1178399,Mumbai Indians,1,141.4993333333333,Kings XI Punjab,9.901818181818182,197
720,1178400,Rajasthan Royals,1,144.58941176470586,Chennai Super Kings,7.8999999999999995,151
721,1178401,Kolkata Knight Riders,1,135.70714285714286,Delhi Capitals,9.522499999999999,178
722,1178402,Mumbai Indians,1,139.22692307692307,Rajasthan Royals,9.95,187
723,1178403,Kings XI Punjab,1,137.281,Royal Challengers Bangalore,9.655454545454544,173
724,1178404,Kolkata Knight Riders,1,115.71399999999998,Chennai Super Kings,8.72909090909091,161
725,1178405,Sunrisers Hyderabad,1,89.681,Delhi Capitals,7.513076923076922,155
726,1178406,Mumbai Indians,1,121.2176923076923,Royal Challengers Bangalore,9.325833333333334,171
727,1178407,Kings XI Punjab,1,132.404,Rajasthan Royals,8.91,182
728,1178408,Sunrisers Hyderabad,1,93.82666666666667,Chennai Super Kings,7.760909090909092,132
729,1178409,Delhi Capitals,1,108.26933333333335,Mumbai Indians,7.563333333333333,168
730,1178410,Kolkata Knight Riders,1,141.6018181818182,Royal Challengers Bangalore,10.623333333333333,213
731,1178411,Rajasthan Royals,1,115.36142857142859,Mumbai Indians,8.820833333333333,161
732,1178412,Delhi Capitals,1,122.25625,Kings XI Punjab,8.313333333333333,163
733,1178413,Sunrisers Hyderabad,1,142.0069230769231,Kolkata Knight Riders,9.56818181818182,159
734,1178414,Royal Challengers Bangalore,1,112.34875000000001,Chennai Super Kings,8.194545454545455,161
735,1178415,Rajasthan Royals,1,132.96916666666667,Delhi Capitals,9.7325,191
736,1178416,Chennai Super Kings,1,113.175,Sunrisers Hyderabad,9.040000000000001,175
737,1178417,Royal Challengers Bangalore,1,140.12466666666666,Kings XI Punjab,10.042499999999999,202
738,1178418,Kolkata Knight Riders,1,123.85823529411766,Rajasthan Royals,9.472307692307693,175
739,1178419,Chennai Super Kings,1,89.475625,Mumbai Indians,7.0190909090909095,155
740,1178420,Rajasthan Royals,1,108.69857142857143,Sunrisers Hyderabad,8.454545454545455,160
741,1178421,Delhi Capitals,1,143.29933333333332,Royal Challengers Bangalore,8.733333333333333,187
742,1178422,Kolkata Knight Riders,1,148.92076923076922,Mumbai Indians,11.028181818181817,232
743,1178423,Sunrisers Hyderabad,1,135.03833333333333,Kings XI Punjab,9.730909090909092,212
744,1178424,Royal Challengers Bangalore,1,189.1688888888889,Rajasthan Royals,12.844444444444443,62
745,1178425,Chennai Super Kings,1,110.82176470588237,Delhi Capitals,7.712727272727272,179
746,1178426,Mumbai Indians,1,128.9385714285714,Sunrisers Hyderabad,8.572727272727272,162
747,1178427,Kings XI Punjab,1,133.6469230769231,Kolkata Knight Riders,10.000833333333334,183
748,1178428,Delhi Capitals,1,102.35705882352941,Rajasthan Royals,7.364615384615385,115
749,1178429,Royal Challengers Bangalore,1,117.63941176470588,Sunrisers Hyderabad,9.756666666666666,175
750,1178430,Kings XI Punjab,1,109.22615384615385,Chennai Super Kings,9.166363636363634,170
751,1178431,Mumbai Indians,1,101.637,Kolkata Knight Riders,8.065454545454545,133
752,1181764,Mumbai Indians,1,98.05000000000001,Chennai Super Kings,7.019999999999999,131
753,1181766,Delhi Capitals,1,111.83666666666666,Sunrisers Hyderabad,8.875,162
754,1181767,Chennai Super Kings,1,128.6175,Delhi Capitals,8.410909090909092,147
755,1181768,Mumbai Indians,1,96.97058823529413,Chennai Super Kings,7.258333333333333,149
756,1216492,Mumbai Indians,1,118.6961111111111,Chennai Super Kings,8.347,162
757,1216493,Delhi Capitals,1,101.02529411764705,Kings XI Punjab,7.634545454545455,157
758,1216494,Kolkata Knight Riders,1,69.41461538461537,Royal Challengers Bangalore,5.401000000000001,84
759,1216495,Mumbai Indians,1,101.95666666666666,Sunrisers Hyderabad,8.203999999999999,149
760,1216496,Rajasthan Royals,1,156.14999999999998,Chennai Super Kings,10.495,216
761,1216497,Kolkata Knight Riders,1,111.83562500000001,Delhi Capitals,8.288333333333334,194
762,1216498,Kings XI Punjab,1,76.46499999999999,Sunrisers Hyderabad,6.081,126
763,1216499,Royal Challengers Bangalore,1,141.958,Mumbai Indians,8.370000000000001,164
764,1216500,Delhi Capitals,1,106.99333333333334,Rajasthan Royals,8.409999999999998,184
765,1216501,Kolkata Knight Riders,1,114.04111111111112,Chennai Super Kings,8.32181818181818,167
766,1216502,Royal Challengers Bangalore,1,108.128,Sunrisers Hyderabad,7.8881818181818195,120
767,1216503,Mumbai Indians,1,115.31937500000001,Kings XI Punjab,8.458,191
768,1216504,Kolkata Knight Riders,1,110.1326315789474,Rajasthan Royals,8.134615384615385,174
769,1216505,Royal Challengers Bangalore,1,124.85,Delhi Capitals,8.378181818181819,152
770,1216506,Kings XI Punjab,1,110.77454545454545,Chennai Super Kings,7.930833333333332,153
771,1216507,Sunrisers Hyderabad,1,130.58666666666667,Rajasthan Royals,8.255,158
772,1216508,Mumbai Indians,1,114.6929411764706,Kolkata Knight Riders,8.901666666666666,195
773,1216509,Chennai Super Kings,1,135.42923076923077,Delhi Capitals,9.691666666666666,179
774,1216510,Kings XI Punjab,1,87.70312499999999,Royal Challengers Bangalore,8.270833333333334,206
775,1216511,Mumbai Indians,1,97.33500000000001,Rajasthan Royals,9.0325,193
776,1216512,Kolkata Knight Riders,1,125.32428571428571,Sunrisers Hyderabad,8.783636363636363,163
777,1216513,Kings XI Punjab,1,157.73874999999998,Chennai Super Kings,9.68,178
778,1216514,Rajasthan Royals,1,133.11916666666664,Royal Challengers Bangalore,8.224166666666667,154
779,1216515,Delhi Capitals,1,146.519375,Kolkata Knight Riders,11.135,228
780,1216516,Sunrisers Hyderabad,1,115.81928571428571,Chennai Super Kings,7.904166666666666,164
781,1216517,Mumbai Indians,1,134.71866666666668,Kings XI Punjab,9.205384615384615,176
782,1216518,Rajasthan Royals,1,130.45000000000002,Sunrisers Hyderabad,8.658333333333333,154
783,1216519,Delhi Capitals,1,123.48624999999998,Royal Challengers Bangalore,8.976363636363637,196
784,1216520,Kolkata Knight Riders,1,94.52000000000001,Kings XI Punjab,8.035454545454545,149
785,1216521,Chennai Super Kings,1,76.60583333333334,Mumbai Indians,7.726363636363636,114
786,1216522,Rajasthan Royals,1,139.0825,Royal Challengers Bangalore,9.16,177
787,1216523,Kolkata Knight Riders,1,120.54615384615384,Kings XI Punjab,8.354545454545455,164
788,1216524,Sunrisers Hyderabad,1,108.96333333333332,Delhi Capitals,9.277692307692309,219
789,1216525,Royal Challengers Bangalore,1,97.488125,Chennai Super Kings,7.710833333333333,169
790,1216526,Kolkata Knight Riders,1,118.22818181818182,Mumbai Indians,8.597272727272726,148
791,1216527,Kings XI Punjab,1,207.14166666666668,Rajasthan Royals,11.989166666666668,223
792,1216528,Chennai Super Kings,1,112.59833333333333,Sunrisers Hyderabad,7.821666666666666,167
793,1216529,Delhi Capitals,1,123.27153846153848,Mumbai Indians,8.620833333333334,162
794,1216530,Kolkata Knight Riders,1,102.93350000000001,Rajasthan Royals,8.88,191
795,1216531,Royal Challengers Bangalore,1,183.1725,Kings XI Punjab,9.121666666666668,171
796,1216532,Sunrisers Hyderabad,1,126.24399999999999,Delhi Capitals,7.910909090909089,162
797,1216533,Chennai Super Kings,1,107.07916666666667,Rajasthan Royals,7.260833333333334,125
798,1216534,Royal Challengers Bangalore,1,96.4464705882353,Sunrisers Hyderabad,8.182307692307692,163
799,1216535,Delhi Capitals,1,91.75230769230771,Mumbai Indians,6.698333333333334,110
800,1216536,Kolkata Knight Riders,1,140.8676923076923,Chennai Super Kings,9.2675,172
801,1216537,Kings XI Punjab,1,147.28636363636366,Rajasthan Royals,10.120909090909091,185
802,1216538,Mumbai Indians,1,151.40187500000002,Sunrisers Hyderabad,10.260833333333334,208
803,1216539,Delhi Capitals,1,120.07461538461538,Chennai Super Kings,7.7440000000000015,175
804,1216540,Royal Challengers Bangalore,1,99.44466666666666,Kolkata Knight Riders,7.8109090909090915,194
805,1216541,Mumbai Indians,1,152.47363636363636,Rajasthan Royals,10.533636363636363,195
806,1216542,Sunrisers Hyderabad,1,96.07444444444442,Kings XI Punjab,11.203333333333333,201
807,1216543,Delhi Capitals,1,105.19,Rajasthan Royals,8.062727272727273,161
808,1216544,Royal Challengers Bangalore,1,123.70333333333333,Chennai Super Kings,8.041666666666666,145
809,1216545,Sunrisers Hyderabad,1,104.20181818181818,Kolkata Knight Riders,8.260769230769231,142
810,1216546,Delhi Capitals,1,125.48769230769234,Kings XI Punjab,9.426666666666666,164
811,1216547,Royal Challengers Bangalore,1,142.48636363636362,Mumbai Indians,10.387272727272729,201
812,1237177,Mumbai Indians,1,90.670625,Delhi Capitals,8.648333333333333,200
813,1237178,Royal Challengers Bangalore,1,83.48,Sunrisers Hyderabad,6.7250000000000005,131
814,1237180,Delhi Capitals,1,120.33666666666666,Sunrisers Hyderabad,9.156363636363636,189
815,1237181,Delhi Capitals,1,115.30214285714285,Mumbai Indians,8.819166666666666,156
